uniquesongs,glmaccuracy,glmbaseline,treeaccuracy
457,0.8623188405797102,0.8623188405797102,0.8115942028985508
