metric,value
test accuracy,0.8623188405797102
baseline accuracy,0.8623188405797102
